{"/3gcXQ9XdUPQ2ok8q2u8Ag==":"img-8090.jpg","wM94uzsVn5mHvVf2j5PyMQ==":"bpz-logo.png","0C5ZbddUCwU3fQRIvX0lxA==":"bpz-logo-1.png","I2tp11NFsL9pNAAyKgPkSA==":"02.jpg","2GtU/Vc8J5ArnWR5wgllcw==":"mbr.jpg","3mj9oQDUXy7bLNDiLdYd0Q==":"mbr-1.jpg","u+gIOApRfyHfPhdHRd9LFw==":"mbr-2.jpg","ASbuTxetE3ev5v5foY8lUA==":"mbr-3.jpg","txSRkODbDIEfbRJG4nY3bQ==":"mbr-1900x1267.jpg","1KwfgI5hQgfnyvrTyL/5cw==":"mbr-1-1900x1267.jpg","E2Fxpw+2tXXXP/PSKAaFSA==":"mbr-1900x1268.jpg","CWV70cLO2zK8jhLm8ndaxA==":"aci-240x168.jpg","mKEZRGQlcsoX5G9bLPWBLQ==":"asa-240x168.jpg","kS/Z/RS9tricqe2mwTM9sw==":"beacon-240x168.jpg","s+xSZanYN+KhpnLGQkprqw==":"bkash-240x168.jpg","RWnx7hFsNJFvKPtJ1FVMQg==":"brac-240x168.jpg","D80dhKoM9HhMH1Wu6e0UNw==":"city%20bank-240x168.jpg","EImMQZhgLv/c5Qe1JEfp9w==":"dan%20cake-240x168.jpg","DdRGWXG3tlE2yqz4W9iX8A==":"drug-240x168.jpg","H+072w+Nvy1WD15mJgazwQ==":"img-8138-1900x1267.jpg","yk6WmFejb+SEyb1Braa4YQ==":"img-7982-1900x1267.jpg","LMwaQrOZ8kS0RDih8L79qA==":"img-7952-1900x1267.jpg","LAWIux8OlKr7djwZLhGe1Q==":"img-7965-1900x1267.jpg","UENOx315kuDgS+ixJwLV6g==":"img-7971-1900x1267.jpg","5jbY/TOvXd3iZngi1+sGKw==":"img-8007-1900x1267.jpg","0kGghuLYmlDniKa3geK+Lw==":"img-8013-1900x1267.jpg","vOM9dbzFnKPl4bmFVExBaQ==":"img-8027-1900x1267.jpg","j/OPdE0/M2ShxYFjcyD+jA==":"img-8050-1900x1267.jpg","NEesuHDx/NVVjrInwbEHwA==":"img-8095-1900x1267.jpg","HI6vFxebRsxKt4W86TPnhQ==":"img-8084-1900x1267.jpg","V3bET2x9eq18BSVhQm7f8Q==":"img-4633-1900x1267.jpg","hYE/xdQpMJiJthBOHqfwIQ==":"img-4682-1900x1267.jpg","u1jyD2PlCfUdaP8oy+rjMQ==":"dutch%20bangla%20bank-240x168.jpg","ghuDbxdb9RhFoKSPtfjg6g==":"emami-240x168.jpg","HAxuXxbRt4l2fZbHb5ot8Q==":"ibn%20sina-240x168.jpg","MOPFPhyaGQ/gZ5w1AdPUJA==":"incepta-240x168.jpg","LsRoMzpZIkRlRmOoXzcK+Q==":"marico-240x168.jpg","Im1nxmmhAa7Ddfew0FZVcg==":"meghna-240x168.jpg","euMhx+8qk2Mxb25snrcgMg==":"new%20zealand%20dairy-240x168.jpg","tntNa3dgml1TWI+1barzUA==":"nuvista-240x168.jpg","kulFiH04tGnrnBgwtXDjzw==":"olympic-240x168.jpg","f6MPZtQKbjcvXGk7z1yFsg==":"opsonin%20pharma-240x168.jpg","5GrqWPhFSxw5vbkOMaHF+A==":"orion-240x168.jpg","yoVzhVnxp2pQ4ZyR8Yu0aw==":"popular-240x168.jpg","eOLtmk/N7cqQceN40BzFNg==":"prime%20bank-240x168.jpg","zXILWxx0yldlNSK7sbh5gg==":"renata-240x168.jpg","kPtEnSHf4oiNrqeC2niydw==":"robi-240x168.jpg","uIn1OuQJ2opsCF/+ADf/vA==":"save%20the%20children-240x168.jpg","EPU2lQqv8zMsDjaQ/g8DiQ==":"skf-240x168.jpg","h4XzsnMBr4Hg96oQIFBHEA==":"smc-240x168.jpg","khcNLbemkd37VBotbnfw0g==":"square-240x168.jpg","iabH7qAJ7vKAtG18tf2YcQ==":"ucb-240x168.jpg","WnHugI/bJffXXA0HdH3xYg==":"world%20food-240x168.jpg","4A/SWg5NPKchidwCxBLd6w==":"world%20vision-240x168.jpg","Z/RCxvKS8melIo2DAql7LQ==":"mbr-1920x1280.jpg","uvs7Dtk1APrzarSilAH6bA==":"mbr-1-1920x1280.jpg","a75AJjk9h3il02XT5fKTqw==":"mbr-1920x1271.jpg","Wn4Qn85Ek8r+02PW3O+qNA==":"mbr-1920x1279.jpg","x9dXDgrlx6ptsMPWv2sMwQ==":"mbr-2-1920x1280.jpg","lPdBfAqCRhN2SOtHOnxRYQ==":"mbr-1920x1281.jpg","DpDacx/27uFlBvjidjy1WA==":"hero-bg-1800x1226.jpg","428/1gCfUE4C2igtCcHPKw==":"ceos-400x267.jpeg","iF7CuY+9CP40BYfnBFdUGw==":"md-400x400.jpg","eWCQ+ihIWdOk48lkSkd89g==":"chairman-400x400.jpg","BF1A7zAZCN7y0rqgWwAbsQ==":"folder_02_output_24-01-2021-2000x1364.jpg","ODMkakCIbNAbO+KJ62cWfQ==":"folder_02_output_24-01-2021-2000x1232.jpg","SVSQ2ylN7C1x7kmpKMfujw==":"mbr-1256x707.jpg","DZZbPoFkB3BhVURi+48yMg==":"mbr-3-1920x1280.jpg","V0+NWInR6Jdb3afw5PjhUg==":"mbr-4-1920x1280.jpg","i42c9BFVmNh39BYrHK6YMQ==":"mission%20vision-2000x1361.jpg","T7RpZC4YCjSJcUpIaROJgg==":"color-1696x958.jpg","siHF2sev/qYLqiO88j3mlQ==":"footer-2000x1272.jpg","SEdAJqoP7DZDKd7b7es5zA==":"curved-layers-colored-papers-empty-background-1500x1000.jpg","VcJSFoxAxx9DxU5iNtiSVQ==":"hands-working-network-graphic-overlay-banner-desk-1256x838.jpg","rhi0yhwrEBeutsLSUd/pzg==":"close-up-male-hands-combining-cmyk-1256x837.jpg","vvbjwYUqlPa/RGqS9LlONA==":"fct%201-1900x1266.jpg","7AFXC/6tvpi8qgOIpDwQQQ==":"lab%201-1900x1266.jpg","YY0bfDrCA/YKyYOGa/FqyA==":"md%202-1900x1266.jpg","nSy+rQTYVJEgotNFVf0DLQ==":"chairman%203-1900x1266.jpg","Ma/O7QXMqQN/KypbWcsuZg==":"meeting%201-1900x1266.jpg","Uax7rzYJThA894PJ96WHyA==":"spdmst%201-1900x1266.jpg","n6WMFuVlLywFHs5TWGRTmQ==":"fct%202-1900x1157.jpg","9lrbf7aqoUVXQZ7byNYvQw==":"qc-1900x1266.jpg","7syyRm9qnvNatoJYuGTIBA==":"top-view-watercolor-paper-1500x1000.jpg","po+9m7kyECCo1FUh/kMneQ==":"abstract-watercolor-light-dark-green-background-1500x1000.jpg","xWg4hvNjJaGQdM5iWJWaBw==":"elegant-red-papers-arrow-shapes-1500x844.jpg","NJcQ1KRlTeBuJvLTLCMzWw==":"layers-colored-papers-1500x844.jpg","kSB+Wlo0MI9Tauds6pVe1g==":"12324-2000x669.png","pHvADoh/00QgtSBx4N+2/A==":"12324-2000x572.png","Pj11shnuVS2UIpGr/yzrIw==":"12324-2000x925.png","lgGkHDr2jWy+4UVb748ocg==":"12324-2000x756.png","MACku8076n5PilZqpto9Iw==":"3333-2000x841.png","Us/VRdQY2Mt8owL954NQRw==":"man-working-printing-house-with-paper-paints-1500x1000.jpg","01/8CRxrmPdh8M4YSYizcg==":"slider%20(3)-1500x1000.jpg"}